dayOfYear,month,cityModifier,temperature,humidity,precipitation
15,1,0.0,3.2,78.0,0.45
15,1,2.0,8.5,72.0,0.30
15,1,5.0,14.1,65.0,0.20
15,1,8.0,22.0,55.0,0.10
45,2,0.0,5.8,75.0,0.40
45,2,2.0,10.2,70.0,0.25
45,2,5.0,16.5,62.0,0.15
45,2,8.0,24.3,50.0,0.05
75,3,0.0,11.4,68.0,0.35
75,3,2.0,15.8,63.0,0.20
75,3,5.0,21.0,58.0,0.10
75,3,8.0,28.5,45.0,0.05
105,4,0.0,16.2,62.0,0.30
105,4,2.0,20.5,58.0,0.15
105,4,5.0,25.8,52.0,0.10
105,4,8.0,32.0,40.0,0.05
135,5,0.0,21.5,58.0,0.25
135,5,2.0,25.8,55.0,0.20
135,5,5.0,30.2,50.0,0.15
135,5,8.0,36.5,35.0,0.10
165,6,0.0,26.8,65.0,0.35
165,6,2.0,30.2,62.0,0.30
165,6,5.0,34.5,60.0,0.25
165,6,8.0,39.0,45.0,0.15
195,7,0.0,29.5,72.0,0.55
195,7,2.0,32.8,70.0,0.45
195,7,5.0,36.2,68.0,0.35
195,7,8.0,40.5,52.0,0.20
225,8,0.0,28.2,75.0,0.60
225,8,2.0,31.5,72.0,0.50
225,8,5.0,35.0,65.0,0.40
225,8,8.0,38.8,50.0,0.25
255,9,0.0,24.0,70.0,0.45
255,9,2.0,27.5,65.0,0.35
255,9,5.0,31.2,60.0,0.25
255,9,8.0,35.5,48.0,0.15
285,10,0.0,18.5,68.0,0.35
285,10,2.0,22.0,62.0,0.25
285,10,5.0,26.5,55.0,0.15
285,10,8.0,31.0,42.0,0.10
315,11,0.0,10.2,72.0,0.40
315,11,2.0,14.5,66.0,0.30
315,11,5.0,19.8,58.0,0.20
315,11,8.0,25.2,46.0,0.10
345,12,0.0,4.5,76.0,0.50
345,12,2.0,9.0,70.0,0.35
345,12,5.0,15.2,62.0,0.20
345,12,8.0,22.5,50.0,0.10
